0, 137.51
1, 76.24
2, 78.83
3, 76.84
4, 78.50
5, 76.57
6, 77.11
7, 79.30
0, 126.56
1, 76.28
2, 79.86
3, 76.78
4, 78.44
5, 76.54
6, 77.02
7, 79.29
0, 81.53
1, 76.31
2, 81.76
3, 76.76
4, 78.46
5, 76.58
6, 77.02
7, 79.24
0, 120.08
1, 107.10
2, 106.70
3, 77.26
4, 78.37
5, 76.54
6, 77.02
7, 79.28
0, 151.13
1, 136.28
2, 141.27
3, 144.62
4, 160.31
5, 124.87
6, 133.76
7, 132.18
0, 376.26
1, 365.09
2, 369.65
3, 372.98
4, 378.79
5, 371.35
6, 370.03
7, 381.18
0, 378.85
1, 366.17
2, 372.26
3, 370.60
4, 378.35
5, 373.11
6, 369.01
7, 380.45
0, 379.27
1, 368.32
2, 374.74
3, 374.27
4, 379.39
5, 374.72
6, 368.17
7, 380.73
0, 379.08
1, 367.10
2, 373.52
3, 373.05
4, 379.90
5, 374.26
6, 371.22
7, 382.45
0, 378.29
1, 367.56
2, 373.52
3, 372.10
4, 380.21
5, 375.88
6, 368.70
7, 381.45
0, 378.95
1, 370.04
2, 375.45
3, 375.00
4, 379.70
5, 377.33
6, 370.21
7, 381.63
0, 381.30
1, 368.54
2, 374.78
3, 372.90
4, 381.12
5, 375.20
6, 370.98
7, 383.23
0, 381.23
1, 368.11
2, 373.70
3, 373.72
4, 380.01
5, 376.47
6, 370.73
7, 382.35
0, 378.55
1, 370.95
2, 375.89
3, 375.16
4, 381.32
5, 376.98
6, 370.07
7, 383.12
0, 382.93
1, 370.79
2, 374.16
3, 373.21
4, 381.24
5, 375.65
6, 371.68
7, 384.89
0, 378.26
1, 370.38
2, 374.36
3, 374.64
4, 380.49
5, 377.05
6, 371.85
7, 383.49
0, 375.73
1, 365.02
2, 368.60
3, 375.38
4, 362.36
5, 356.95
6, 357.50
7, 374.68
