0, 135.76
1, 128.70
2, 133.43
3, 130.10
4, 133.38
5, 130.77
6, 131.67
7, 134.74
0, 127.17
1, 120.10
2, 124.85
3, 121.48
4, 125.25
5, 122.08
6, 123.14
7, 126.34
0, 143.42
1, 139.25
2, 140.95
3, 109.10
4, 114.28
5, 100.17
6, 106.39
7, 104.14
0, 160.10
1, 149.01
2, 160.61
3, 158.12
4, 180.91
5, 169.30
6, 168.00
7, 150.30
0, 436.06
1, 426.12
2, 434.18
3, 430.33
4, 438.78
5, 433.78
6, 428.69
7, 441.44
0, 437.86
1, 428.02
2, 435.53
3, 431.61
4, 440.39
5, 435.29
6, 428.96
7, 442.18
0, 437.95
1, 427.76
2, 436.11
3, 431.73
4, 440.50
5, 435.58
6, 429.33
7, 442.00
0, 438.07
1, 429.03
2, 437.32
3, 431.97
4, 440.66
5, 435.85
6, 429.67
7, 442.43
0, 438.44
1, 429.50
2, 437.09
3, 432.41
4, 441.03
5, 435.70
6, 430.60
7, 442.72
0, 438.80
1, 428.45
2, 437.04
3, 432.42
4, 441.46
5, 436.65
6, 437.27
7, 443.67
0, 439.68
1, 429.84
2, 437.50
3, 434.59
4, 441.96
5, 436.11
6, 437.48
7, 443.52
0, 439.48
1, 429.86
2, 437.96
3, 436.75
4, 441.95
5, 436.63
6, 437.01
7, 443.40
0, 439.85
1, 430.01
2, 438.02
3, 437.02
4, 442.20
5, 436.66
6, 437.80
7, 443.59
0, 439.50
1, 430.14
2, 438.27
3, 437.83
4, 442.01
5, 437.08
6, 438.02
7, 444.23
0, 440.69
1, 430.52
2, 438.57
3, 437.13
4, 443.47
5, 437.17
6, 438.69
7, 444.17
0, 415.48
1, 408.18
2, 407.55
3, 396.11
4, 408.89
5, 402.48
6, 404.09
7, 421.45
