0, 127.11
1, 120.72
2, 125.32
3, 121.67
4, 125.66
5, 122.14
6, 123.65
7, 126.48
0, 102.97
1, 96.14
2, 95.21
3, 96.11
4, 103.72
5, 92.53
6, 89.03
7, 90.90
0, 80.24
1, 76.84
2, 80.13
3, 77.50
4, 79.41
5, 77.23
6, 78.58
7, 79.78
0, 85.78
1, 76.86
2, 79.90
3, 77.46
4, 79.32
5, 77.18
6, 78.62
7, 80.75
0, 141.71
1, 133.40
2, 127.48
3, 119.45
4, 113.74
5, 106.34
6, 101.40
7, 82.67
0, 222.93
1, 205.57
2, 210.05
3, 208.47
4, 211.43
5, 207.43
6, 225.07
7, 236.76
0, 269.98
1, 261.54
2, 268.41
3, 264.86
4, 270.20
5, 267.27
6, 265.78
7, 272.64
0, 271.11
1, 261.33
2, 266.94
3, 264.89
4, 271.51
5, 268.04
6, 266.56
7, 273.45
0, 271.21
1, 260.96
2, 267.58
3, 264.21
4, 271.97
5, 266.67
6, 265.57
7, 272.65
0, 270.47
1, 262.06
2, 268.33
3, 264.83
4, 270.69
5, 267.64
6, 265.82
7, 272.91
0, 271.66
1, 261.16
2, 267.01
3, 264.83
4, 271.78
5, 268.33
6, 267.42
7, 273.80
0, 271.20
1, 261.62
2, 268.12
3, 264.22
4, 272.10
5, 266.85
6, 265.80
7, 272.50
0, 270.76
1, 262.33
2, 268.27
3, 265.20
4, 271.22
5, 267.88
6, 266.20
7, 273.10
0, 271.96
1, 261.24
2, 267.65
3, 264.87
4, 272.45
5, 268.70
6, 267.50
7, 274.30
0, 271.01
1, 261.68
2, 268.89
3, 264.72
4, 271.98
5, 266.93
6, 265.64
7, 272.45
0, 271.28
1, 262.56
2, 268.18
3, 265.68
4, 271.55
5, 268.20
6, 267.18
7, 273.74
0, 272.18
1, 260.94
2, 267.82
3, 264.51
4, 272.62
5, 268.55
6, 267.47
7, 274.19
0, 184.96
1, 182.33
2, 175.73
3, 183.61
4, 180.19
5, 176.08
6, 182.56
7, 186.50
