0, 128.47
1, 120.70
2, 126.89
3, 122.00
4, 126.77
5, 122.67
6, 124.87
7, 126.36
0, 116.51
1, 103.82
2, 116.05
3, 105.17
4, 117.46
5, 106.76
6, 107.88
7, 104.43
0, 81.15
1, 77.53
2, 80.67
3, 77.26
4, 80.07
5, 77.87
6, 79.05
7, 80.42
0, 291.80
1, 77.13
2, 80.56
3, 77.45
4, 79.92
5, 77.49
6, 78.84
7, 82.97
0, 369.48
1, 77.00
2, 80.41
3, 77.50
4, 79.85
5, 77.22
6, 78.79
7, 81.87
0, 369.18
1, 76.93
2, 80.30
3, 77.46
4, 79.79
5, 77.14
6, 78.75
7, 79.76
0, 366.17
1, 76.93
2, 80.21
3, 77.42
4, 79.75
5, 77.12
6, 78.71
7, 79.71
0, 365.60
1, 76.85
2, 80.22
3, 77.34
4, 79.61
5, 77.01
6, 78.58
7, 79.63
0, 368.46
1, 76.86
2, 80.14
3, 77.36
4, 79.60
5, 76.98
6, 78.58
7, 79.56
0, 370.67
1, 76.83
2, 80.09
3, 77.35
4, 79.57
5, 76.96
6, 78.49
7, 79.51
0, 370.90
1, 76.71
2, 80.06
3, 77.28
4, 79.53
5, 76.93
6, 78.45
7, 79.52
0, 368.47
1, 76.68
2, 79.96
3, 77.25
4, 79.46
5, 76.93
6, 78.41
7, 79.49
0, 364.10
1, 76.69
2, 79.93
3, 77.24
4, 79.39
5, 76.88
6, 78.38
7, 79.49
0, 366.02
1, 76.64
2, 79.86
3, 77.18
4, 79.38
5, 76.82
6, 78.43
7, 79.47
0, 367.43
1, 76.67
2, 79.84
3, 77.16
4, 79.35
5, 76.75
6, 78.47
7, 79.44
