0, 136.56
1, 128.94
2, 134.17
3, 130.33
4, 134.42
5, 130.14
6, 132.34
7, 134.85
0, 127.65
1, 120.43
2, 125.52
3, 121.75
4, 125.89
5, 121.72
6, 123.78
7, 125.98
0, 135.96
1, 118.75
2, 102.79
3, 93.17
4, 104.67
5, 89.59
6, 95.98
7, 94.55
0, 123.81
1, 119.50
2, 139.52
3, 134.94
4, 129.13
5, 119.39
6, 112.62
7, 109.57
0, 278.12
1, 284.22
2, 282.74
3, 281.16
4, 277.97
5, 282.68
6, 275.85
7, 282.61
0, 295.36
1, 285.81
2, 292.44
3, 289.54
4, 297.04
5, 290.77
6, 290.59
7, 297.43
0, 297.12
1, 285.93
2, 293.15
3, 289.11
4, 296.67
5, 290.67
6, 291.04
7, 297.17
0, 295.72
1, 286.15
2, 293.08
3, 289.31
4, 296.88
5, 291.08
6, 290.80
7, 297.39
0, 295.91
1, 286.57
2, 292.67
3, 289.98
4, 296.74
5, 290.49
6, 290.67
7, 297.66
0, 296.21
1, 286.51
2, 292.75
3, 289.89
4, 297.18
5, 290.34
6, 290.79
7, 297.73
0, 296.83
1, 286.33
2, 293.39
3, 289.20
4, 297.03
5, 290.72
6, 291.33
7, 297.75
0, 296.66
1, 286.14
2, 293.32
3, 289.38
4, 297.56
5, 291.31
6, 291.55
7, 298.37
0, 296.24
1, 286.30
2, 293.68
3, 289.91
4, 297.30
5, 293.18
6, 291.17
7, 297.55
0, 296.46
1, 286.67
2, 293.42
3, 290.39
4, 297.01
5, 293.47
6, 291.60
7, 297.90
0, 296.02
1, 287.23
2, 293.47
3, 289.99
4, 297.21
5, 291.73
6, 291.81
7, 297.75
0, 296.45
1, 286.67
2, 293.59
3, 290.09
4, 297.32
5, 292.05
6, 291.68
7, 298.06
0, 297.16
1, 286.36
2, 293.81
3, 290.27
4, 298.03
5, 291.75
6, 291.75
7, 298.48
0, 297.07
1, 286.91
2, 293.93
3, 289.96
4, 297.65
5, 292.87
6, 291.65
7, 298.23
0, 296.01
1, 286.77
2, 293.37
3, 290.36
4, 296.99
5, 292.54
6, 291.43
7, 297.83
0, 148.66
1, 135.98
2, 140.19
3, 147.18
4, 146.17
5, 132.39
6, 142.11
7, 148.01
