0, 79.07
1, 76.65
2, 79.16
3, 77.10
4, 79.20
5, 76.80
6, 77.97
7, 79.13
0, 79.00
1, 76.72
2, 79.24
3, 77.04
4, 79.18
5, 76.81
6, 78.00
7, 79.05
0, 79.04
1, 76.68
2, 79.12
3, 79.69
4, 79.27
5, 76.93
6, 78.07
7, 79.06
0, 176.46
1, 76.65
2, 79.12
3, 79.71
4, 79.16
5, 76.84
6, 78.01
7, 79.14
0, 416.17
1, 76.65
2, 79.05
3, 77.11
4, 79.15
5, 76.82
6, 77.92
7, 79.06
0, 415.61
1, 76.61
2, 79.08
3, 77.08
4, 79.12
5, 76.73
6, 77.88
7, 79.13
0, 418.02
1, 76.67
2, 79.11
3, 77.08
4, 79.12
5, 76.80
6, 77.87
7, 79.07
0, 418.17
1, 76.70
2, 79.03
3, 77.04
4, 79.11
5, 76.76
6, 77.86
7, 79.09
0, 417.55
1, 76.69
2, 78.98
3, 77.08
4, 79.10
5, 76.75
6, 77.87
7, 79.01
0, 419.52
1, 76.59
2, 79.02
3, 77.06
4, 79.10
5, 76.85
6, 77.86
7, 79.04
0, 419.39
1, 76.58
2, 79.01
3, 77.08
4, 79.06
5, 76.80
6, 77.86
7, 79.04
0, 420.00
1, 76.60
2, 79.01
3, 77.11
4, 79.04
5, 76.78
6, 77.77
7, 79.11
0, 418.43
1, 76.60
2, 79.05
3, 77.10
4, 79.03
5, 76.72
6, 77.81
7, 79.07
0, 419.73
1, 76.62
2, 78.97
3, 77.04
4, 79.08
5, 76.74
6, 77.77
7, 79.06
0, 419.52
1, 76.67
2, 78.95
3, 77.07
4, 79.09
5, 76.76
6, 77.80
7, 79.06
0, 417.50
1, 76.61
2, 78.96
3, 77.07
4, 79.03
5, 76.78
6, 77.79
7, 79.04
0, 419.25
1, 76.54
2, 78.96
3, 77.04
4, 79.00
5, 76.76
6, 77.72
7, 79.03
0, 418.26
1, 76.55
2, 78.97
3, 77.08
4, 79.00
5, 76.75
6, 77.77
7, 79.05
