0, 128.10
1, 120.46
2, 126.10
3, 121.80
4, 126.47
5, 122.35
6, 124.55
7, 126.14
0, 104.49
1, 95.30
2, 106.16
3, 94.55
4, 105.28
5, 94.25
6, 96.51
7, 92.67
0, 80.65
1, 77.27
2, 80.51
3, 77.54
4, 79.87
5, 79.83
6, 78.99
7, 80.01
0, 131.90
1, 117.17
2, 117.60
3, 107.81
4, 102.65
5, 80.90
6, 78.76
7, 82.66
0, 183.27
1, 176.52
2, 190.03
3, 170.81
4, 189.91
5, 203.88
6, 186.96
7, 180.16
0, 343.45
1, 333.26
2, 341.57
3, 337.87
4, 346.78
5, 340.98
6, 338.47
7, 347.15
0, 344.18
1, 333.49
2, 343.44
3, 337.40
4, 346.90
5, 340.55
6, 338.47
7, 346.70
0, 344.17
1, 333.74
2, 343.19
3, 338.16
4, 346.07
5, 340.68
6, 338.84
7, 346.86
0, 344.56
1, 334.69
2, 343.08
3, 338.53
4, 347.18
5, 341.30
6, 339.45
7, 347.22
0, 344.09
1, 334.07
2, 343.88
3, 338.17
4, 347.01
5, 341.05
6, 338.33
7, 346.88
0, 344.22
1, 333.59
2, 343.41
3, 338.53
4, 346.56
5, 341.14
6, 338.67
7, 346.86
0, 344.82
1, 334.46
2, 343.39
3, 338.91
4, 347.47
5, 341.46
6, 339.64
7, 348.11
0, 344.55
1, 335.21
2, 344.21
3, 339.26
4, 347.54
5, 341.28
6, 339.64
7, 347.61
0, 344.54
1, 335.97
2, 343.42
3, 339.35
4, 347.65
5, 341.86
6, 339.16
7, 347.13
0, 345.16
1, 336.37
2, 344.31
3, 338.79
4, 347.68
5, 341.40
6, 339.08
7, 347.42
0, 344.85
1, 335.83
2, 343.92
3, 339.01
4, 347.15
5, 342.17
6, 339.10
7, 347.51
0, 345.08
1, 336.13
2, 344.65
3, 339.35
4, 348.03
5, 341.19
6, 340.02
7, 347.59
0, 345.90
1, 336.61
2, 344.58
3, 339.28
4, 347.52
5, 341.59
6, 340.09
7, 348.10
0, 344.94
1, 335.99
2, 344.65
3, 339.45
4, 347.95
5, 341.71
6, 341.08
7, 347.94
0, 332.34
1, 326.26
2, 329.15
3, 316.69
4, 335.03
5, 323.25
6, 333.44
7, 333.78
